Steuereinnahmen aus dem Rohstoffsektor;;;;;;;
Einnahmen aus Steuern von 2010-2016;;;;;;;
;;;;;;;
Steuerart;;;;Jahr;;;
;2010;2011;2012;2013;2014;2015;2016
;;;in Mio. EURO;;;;
K�rperschaftsteuer;132;154;173;154;147;139;105
Gewerbesteuer;155;248;287;160;154;145;110
Einkommensteuer;39;34;59;53;51;48;36
Solidarit�tszuschlag;9;10;13;11;11;10;8
Summe;335;446;532;378;363;343;260
Gesamteinnahmen des Staates;1.030.908;1.103.862;1.163.357;1.201.058;1.244.589;1.301.816;1.351.581
Anteil o.g. Steuern an Gesamteinnahmen;0,03%;0,04%;0,05%;0,03%;0,03%;0,03%;0,02%
nachrichtlich:;;;;;;;
Fortschreibungsfaktor;;;7,09%;-11,45%;-4,13%;-5,43%;-24,27%
;;;;;;;
http://www.rohstofftransparenz.de/explore/einnahmen/;;;;;;;
